<?xml version="1.0" encoding="UTF-8" ?>
<!DOCTYPE mapper
        PUBLIC "-//mybatis.org//DTD Mapper 3.0//EN"
        "http://mybatis.org/dtd/mybatis-3-mapper.dtd">

<mapper namespace="com.ax.spring.mapper.UserMapper">

    <!--结果集,只有select中需要配置-->
    <resultMap id="UserMapping" type="User">
        <id column="id" property="id" />
        <result column="name" property="name" />
        <!--<result column="age" property="age" />-->
    </resultMap>



    <!--

        keyColumn 主键的列
        keyProperty 主键对应的属性
        useGeneratedKeys 使用数据自动生成的主键id值,设置到对象的OID中

    -->

    <insert id="insert" keyColumn="id"  keyProperty="id" useGeneratedKeys="true" parameterType="User">
        INSERT INTO t_user(name,age) VALUES (#{name},#{age})

    </insert>

    <!---->
    <update id="update" parameterType="User">

          UPDATE  t_user
          <set>
              <if test="name!=null">
                  name = #{name},
              </if>

              <if test="age!= null">
                  age = #{age},
              </if>

          </set>

         WHERE  id=#{id}

    </update>

    <!---->
    <select id="get" parameterType="long" resultMap="UserMapping">
        SELECT  id,name,age FROM t_user WHERE  id = #{id}

    </select>

<!---->
    <delete id="delete" parameterType="long" >

        DELETE  FROM t_user WHERE id = #{id}

    </delete>


    <!--提取sql  查询的-->
    <sql id="user_colunn" >
        id,name,age
    </sql>

    <!-- 使用 <include refid="user_colunn" /> 作为结果-->
    <select id="list"  resultMap="UserMapping">


        SELECT * FROM t_user

    </select>



    <!--参数非对象,直接使用 _parameter 为参数使用*作为结果-->
    <select id="likeName"  parameterType="String" resultMap="UserMapping">


        SELECT * FROM t_user
      <where>

          <if test="_parameter != null">
              AND name LIKE '%${_parameter}%'
          </if>

      </where>

    </select>


    <select id="likeName2"  parameterType="String" resultMap="UserMapping">


        SELECT * FROM t_user
        <where>

            <if test="name != null">
                AND name LIKE '%${name}%'
            </if>

        </where>

    </select>


    <!--参数为对象,可以正常使用-->
    <select id="likeUser" parameterType="User" resultMap="UserMapping">

        SELECT * FROM t_user

        <where>
            <if test="name != null">
               AND name LIKE '%${name}%'
            </if>

        </where>

    </select>




    <select id="allCount" parameterType="User" resultType="int">


        SELECT COUNT(id) FROM t_user
        <where>
            <if test="name != null">
                AND name LIKE '%${name}%'
            </if>

        </where>

    </select>




</mapper>