<?xml version="1.0" encoding="UTF-8"?>
<beans xmlns="http://www.springframework.org/schema/beans"
	xmlns:xsi="http://www.w3.org/2001/XMLSchema-instance" xmlns:p="http://www.springframework.org/schema/p"
	xmlns:context="http://www.springframework.org/schema/context"
	xmlns:aop="http://www.springframework.org/schema/aop" xmlns:jee="http://www.springframework.org/schema/jee"
	xmlns:tx="http://www.springframework.org/schema/tx"
	xmlns:mvc="http://www.springframework.org/schema/mvc"
	xsi:schemaLocation="
			http://www.springframework.org/schema/beans http://www.springframework.org/schema/beans/spring-beans.xsd
			http://www.springframework.org/schema/context http://www.springframework.org/schema/context/spring-context.xsd
			http://www.springframework.org/schema/jee http://www.springframework.org/schema/jee/spring-jee.xsd
			http://www.springframework.org/schema/aop http://www.springframework.org/schema/aop/spring-aop.xsd
			http://www.springframework.org/schema/mvc http://www.springframework.org/schema/mvc/spring-mvc.xsd
			http://www.springframework.org/schema/tx http://www.springframework.org/schema/tx/spring-tx.xsd">


	<!--开启注解方式-->
	<context:annotation-config />

	<!--扫描spring打标签的包-->
	<context:component-scan base-package="com.ax.spring.service" />

	<!--自动扫描mapper-->
	<bean class="org.mybatis.spring.mapper.MapperScannerConfigurer" >
		<property name="basePackage" value="com.ax.spring.mapper" />
		<!--<property name="sqlSessionFactoryBeanName" value="sqlSessionFactory" />-->
	</bean>

	<!-- 引入db配置文件 -->
	<context:property-placeholder location="classpath:db.properties"/>
	<!-- 配置 db 连接池 -->
	<bean id="dbDataSource" class="com.alibaba.druid.pool.DruidDataSource"
		  destroy-method="close">
		<property name="driverClassName" value="${db.driverClassName}"></property>
		<property name="url" value="${db.url}"></property>
		<property name="username" value="${db.username}"></property>
		<property name="password" value="${db.password}"></property>
	</bean>


	<!-- 配置SqlSessionFactoryBean  -->
	<bean id="sqlSessionFactory" class="org.mybatis.spring.SqlSessionFactoryBean">

		<!-- 配置链接信息  -->
		<property name="dataSource" ref="dbDataSource" />

		<property name="configLocation" value="classpath:mybatis-config.xml" />

		<property name="typeAliasesPackage" value="com.ax.spring.domain" />

		<!--<property name="mapperLocations" value="classpath:com/ax/spring/mapper/UserMapper.xml" />-->
		<property name="mapperLocations" value="classpath*:com/ax/spring/mapper/*Mapper.xml" />
	</bean>





	<!--配置Mapper-->
<!--使用全注解方式,不需要配置mapper-->
	<!--&lt;!&ndash; 配置mapper &ndash;&gt;-->
	<!--<bean id="baseMapper" abstract="true" class="org.mybatis.spring.mapper.MapperFactoryBean" />-->

	<!--<bean id="userMapper" parent="baseMapper">-->
		<!--<property name="mapperInterface" value="com.ax.spring.mapper.UserMapper" />-->
	<!--</bean>-->



	<!--<bean id="userService" class="com.ax.spring.service.impl.UserServiceImp">-->
		<!--<property name="userMapper" ref="userMapper" />-->

	<!--</bean>-->





	<!-- 配置事务管理器 -->
	<bean id="txManager" class="org.springframework.jdbc.datasource.DataSourceTransactionManager">
		<property name="dataSource" ref="dbDataSource"></property>
	</bean>

	<!-- 配置事务切面 AOP  -->
	<aop:config>
		<aop:pointcut expression="execution(* com.ax.spring.service.*Service.*(..))" id="crudPC"/>
		<aop:advisor advice-ref="txAdvice" pointcut-ref="crudPC"/>

	</aop:config>


	<!-- 配置事务属性 -->
	<tx:advice id="txAdvice" transaction-manager="txManager">
		<tx:attributes>
			<tx:method name="get*" read-only="true"/>
			<tx:method name="query*" read-only="true"/>
			<tx:method name="list*" read-only="true"/>
			<tx:method name="*" propagation="REQUIRED"/>
		</tx:attributes>
	</tx:advice>




</beans>
