<?xml version="1.0" encoding="UTF-8"?>
<!DOCTYPE generatorConfiguration PUBLIC "-//mybatis.org//DTD MyBatis Generator Configuration 1.0//EN" "http://mybatis.org/dtd/mybatis-generator-config_1_0.dtd" >

<!--mybatis自动生成对象配置-->
<generatorConfiguration>
    <!-- 引入配置文件 -->
    <properties resource="db.properties"/>

    <!-- 指定数据连接驱动jar地址 -->
    <!--<classPathEntry location="${classPath}" />-->

    <!-- 一个数据库一个context -->
    <context id="demo10_p1">
        <!-- 注释 -->
        <commentGenerator >
            <property name="suppressAllComments" value="true"/><!-- 是否取消注释 -->
            <property name="suppressDate" value="true" /> <!-- 是否生成注释代时间戳-->
            
            
        </commentGenerator>

        <!-- jdbc连接 -->
        <jdbcConnection driverClass="${db.driverClassName}"
                        connectionURL="${db.url}"
                        userId="${db.username}"
                        password="${db.password}" />

        <!-- 类型转换 -->
        <javaTypeResolver>
            <!-- 是否使用bigDecimal， false可自动转化以下类型（Long, Integer, Short, etc.） -->
            <property name="forceBigDecimals" value="false"/>
        </javaTypeResolver>

        <!-- 生成实体类地址 domain -->
        <javaModelGenerator targetPackage="com.ax.spring.domain" targetProject="src/main/java" >
            <!-- 是否在当前路径下新加一层schema,eg：fase路径com.oop.eksp.user.model， true:com.oop.eksp.user.model.[schemaName] -->
            <property name="enableSubPackages" value="false"/>
            <!-- 是否针对string类型的字段在set的时候进行trim调用 -->
            <property name="trimStrings" value="true"/>

        </javaModelGenerator>

        <!-- 生成mapxml文件 -->
        <sqlMapGenerator targetPackage="com.ax.spring.mapper" targetProject="src/main/java" >
            <!-- 是否在当前路径下新加一层schema,eg：fase路径com.oop.eksp.user.model， true:com.oop.eksp.user.model.[schemaName] -->
            <property name="enableSubPackages" value="false" />
        </sqlMapGenerator>

        <!-- 生成mapxml对应client，也就是接口dao -->
        <javaClientGenerator targetPackage="com.ax.spring.mapper" targetProject="src/main/java" type="XMLMAPPER" >
            <!-- 是否在当前路径下新加一层schema,eg：fase路径com.oop.eksp.user.model， true:com.oop.eksp.user.model.[schemaName] -->
            <property name="enableSubPackages" value="false" />


        </javaClientGenerator>



        <!-- 配置表信息 -->
        <!--<table  tableName="t_userinfo" domainObjectName="Userinfo"  enableCountByExample="false"-->
                <!--enableUpdateByExample="false" enableDeleteByExample="false"-->
                <!--enableSelectByExample="false" selectByExampleQueryId="false">-->
            <!--&lt;!&ndash; schema即为数据库名 tableName为对应的数据库表 domainObjectName是要生成的实体类 enable*ByExample-->
                <!--是否生成 example类   &ndash;&gt;-->

            <!--&lt;!&ndash; 忽略列，不生成bean 字段 &ndash;&gt;-->
            <!--&lt;!&ndash;<ignoreColumn column="FRED" />&ndash;&gt;-->
            <!--&lt;!&ndash; 指定列的java数据类型 &ndash;&gt;-->
            <!--&lt;!&ndash;<columnOverride column="LONG_VARCHAR_FIELD" jdbcType="VARCHAR" />&ndash;&gt;-->
            <!--<generatedKey column="id" sqlStatement="JDBC" />-->
        <!--</table>-->


        <!--创建表,因为无法区分大小写,需要写column-->
        <!--<table tableName="t_ipLog" domainObjectName="IpLog"  enableCountByExample="false"-->
                <!--enableUpdateByExample="false" enableDeleteByExample="false"-->
                <!--enableSelectByExample="false" selectByExampleQueryId="false">-->


                <!--<generatedKey column="id" sqlStatement="JDBC" />-->
                <!--<columnOverride column="userName" property="userName" />-->
                <!--<columnOverride column="loginTime" property="loginTime" />-->
                <!--<columnOverride column="ip" property="ip" />-->
                <!--<columnOverride column="loginState" property="loginState" />-->
                <!--<columnOverride column="userType" property="userType" />-->
                <!--<columnOverride column="userinfoId" property="userinfoId" />-->

        <!--</table>-->

        <!--<table tableName="t_test" domainObjectName="Test"  enableCountByExample="false"-->
               <!--enableUpdateByExample="false" enableDeleteByExample="false"-->
               <!--enableSelectByExample="false" selectByExampleQueryId="false">-->


        <!--</table>-->

        <table tableName="" domainObjectName=""  enableCountByExample="false"
               enableUpdateByExample="false" enableDeleteByExample="false"
               enableSelectByExample="false" selectByExampleQueryId="false">


        </table>


    </context>
</generatorConfiguration>